Sum of Value,Column Labels,,,,ID,Longitude,Latitude,#Unique Weather Stations,Longitude Instance,Latitude Instance
Row Labels(ID and Date),TMAX,TMIN,Grand Total,,ITE00100554,45.4717,9.1892,1,#N/A,#N/A
17680101,-33,-57,-90,,,,,,#N/A,#N/A
ITE00100554,-33,-57,-90,,,,,,45.4717,9.1892
17680102,-1,-15,-16,,,,,,#N/A,#N/A
ITE00100554,-1,-15,-16,,,,,,45.4717,9.1892
17680103,-18,-32,-50,,,,,,#N/A,#N/A
ITE00100554,-18,-32,-50,,,,,,45.4717,9.1892
17680104,-8,-38,-46,,,,,,#N/A,#N/A
ITE00100554,-8,-38,-46,,,,,,45.4717,9.1892
17680105,-46,-76,-122,,,,,,#N/A,#N/A
ITE00100554,-46,-76,-122,,,,,,45.4717,9.1892
17680106,-34,-54,-88,,,,,,#N/A,#N/A
ITE00100554,-34,-54,-88,,,,,,45.4717,9.1892
17680107,-21,-35,-56,,,,,,#N/A,#N/A
ITE00100554,-21,-35,-56,,,,,,45.4717,9.1892
17680108,-7,-33,-40,,,,,,#N/A,#N/A
ITE00100554,-7,-33,-40,,,,,,45.4717,9.1892
17680109,-7,-21,-28,,,,,,#N/A,#N/A
ITE00100554,-7,-21,-28,,,,,,45.4717,9.1892
17680110,17,-5,12,,,,,,#N/A,#N/A
ITE00100554,17,-5,12,,,,,,45.4717,9.1892
17680111,29,3,32,,,,,,#N/A,#N/A
ITE00100554,29,3,32,,,,,,45.4717,9.1892
17680112,13,-15,-2,,,,,,#N/A,#N/A
ITE00100554,13,-15,-2,,,,,,45.4717,9.1892
17680113,2,-32,-30,,,,,,#N/A,#N/A
ITE00100554,2,-32,-30,,,,,,45.4717,9.1892
17680114,-9,-37,-46,,,,,,#N/A,#N/A
ITE00100554,-9,-37,-46,,,,,,45.4717,9.1892
17680115,-23,-47,-70,,,,,,#N/A,#N/A
ITE00100554,-23,-47,-70,,,,,,45.4717,9.1892
17680116,-2,-26,-28,,,,,,#N/A,#N/A
ITE00100554,-2,-26,-28,,,,,,45.4717,9.1892
17680117,21,-3,18,,,,,,#N/A,#N/A
ITE00100554,21,-3,18,,,,,,45.4717,9.1892
17680118,18,-6,12,,,,,,#N/A,#N/A
ITE00100554,18,-6,12,,,,,,45.4717,9.1892
17680119,25,1,26,,,,,,#N/A,#N/A
ITE00100554,25,1,26,,,,,,45.4717,9.1892
17680120,30,6,36,,,,,,#N/A,#N/A
ITE00100554,30,6,36,,,,,,45.4717,9.1892
17680121,32,14,46,,,,,,#N/A,#N/A
ITE00100554,32,14,46,,,,,,45.4717,9.1892
17680122,37,11,48,,,,,,#N/A,#N/A
ITE00100554,37,11,48,,,,,,45.4717,9.1892
17680123,36,10,46,,,,,,#N/A,#N/A
ITE00100554,36,10,46,,,,,,45.4717,9.1892
17680124,40,8,48,,,,,,#N/A,#N/A
ITE00100554,40,8,48,,,,,,45.4717,9.1892
17680125,2,-30,-28,,,,,,#N/A,#N/A
ITE00100554,2,-30,-28,,,,,,45.4717,9.1892
17680126,3,-31,-28,,,,,,#N/A,#N/A
ITE00100554,3,-31,-28,,,,,,45.4717,9.1892
17680127,1,-27,-26,,,,,,#N/A,#N/A
ITE00100554,1,-27,-26,,,,,,45.4717,9.1892
17680128,17,-17,0,,,,,,#N/A,#N/A
ITE00100554,17,-17,0,,,,,,45.4717,9.1892
17680129,22,-20,2,,,,,,#N/A,#N/A
ITE00100554,22,-20,2,,,,,,45.4717,9.1892
17680130,20,-22,-2,,,,,,#N/A,#N/A
ITE00100554,20,-22,-2,,,,,,45.4717,9.1892
17680131,13,-31,-18,,,,,,#N/A,#N/A
ITE00100554,13,-31,-18,,,,,,45.4717,9.1892
17680201,20,-10,10,,,,,,#N/A,#N/A
ITE00100554,20,-10,10,,,,,,45.4717,9.1892
17680202,34,4,38,,,,,,#N/A,#N/A
ITE00100554,34,4,38,,,,,,45.4717,9.1892
17680203,34,4,38,,,,,,#N/A,#N/A
ITE00100554,34,4,38,,,,,,45.4717,9.1892
17680204,31,1,32,,,,,,#N/A,#N/A
ITE00100554,31,1,32,,,,,,45.4717,9.1892
17680205,17,-15,2,,,,,,#N/A,#N/A
ITE00100554,17,-15,2,,,,,,45.4717,9.1892
17680206,10,-36,-26,,,,,,#N/A,#N/A
ITE00100554,10,-36,-26,,,,,,45.4717,9.1892
17680207,5,-43,-38,,,,,,#N/A,#N/A
ITE00100554,5,-43,-38,,,,,,45.4717,9.1892
17680208,11,-37,-26,,,,,,#N/A,#N/A
ITE00100554,11,-37,-26,,,,,,45.4717,9.1892
17680209,5,-35,-30,,,,,,#N/A,#N/A
ITE00100554,5,-35,-30,,,,,,45.4717,9.1892
17680210,11,-29,-18,,,,,,#N/A,#N/A
ITE00100554,11,-29,-18,,,,,,45.4717,9.1892
17680211,21,-19,2,,,,,,#N/A,#N/A
ITE00100554,21,-19,2,,,,,,45.4717,9.1892
17680212,31,-19,12,,,,,,#N/A,#N/A
ITE00100554,31,-19,12,,,,,,45.4717,9.1892
17680213,44,-8,36,,,,,,#N/A,#N/A
ITE00100554,44,-8,36,,,,,,45.4717,9.1892
17680214,56,4,60,,,,,,#N/A,#N/A
ITE00100554,56,4,60,,,,,,45.4717,9.1892
17680215,62,20,82,,,,,,#N/A,#N/A
ITE00100554,62,20,82,,,,,,45.4717,9.1892
17680216,70,28,98,,,,,,#N/A,#N/A
ITE00100554,70,28,98,,,,,,45.4717,9.1892
17680217,53,17,70,,,,,,#N/A,#N/A
ITE00100554,53,17,70,,,,,,45.4717,9.1892
17680218,23,-13,10,,,,,,#N/A,#N/A
ITE00100554,23,-13,10,,,,,,45.4717,9.1892
17680219,13,-31,-18,,,,,,#N/A,#N/A
ITE00100554,13,-31,-18,,,,,,45.4717,9.1892
17680220,33,-3,30,,,,,,#N/A,#N/A
ITE00100554,33,-3,30,,,,,,45.4717,9.1892
17680221,41,-15,26,,,,,,#N/A,#N/A
ITE00100554,41,-15,26,,,,,,45.4717,9.1892
17680222,59,21,80,,,,,,#N/A,#N/A
ITE00100554,59,21,80,,,,,,45.4717,9.1892
17680223,69,31,100,,,,,,#N/A,#N/A
ITE00100554,69,31,100,,,,,,45.4717,9.1892
17680224,75,37,112,,,,,,#N/A,#N/A
ITE00100554,75,37,112,,,,,,45.4717,9.1892
17680225,68,30,98,,,,,,#N/A,#N/A
ITE00100554,68,30,98,,,,,,45.4717,9.1892
17680226,54,16,70,,,,,,#N/A,#N/A
ITE00100554,54,16,70,,,,,,45.4717,9.1892
17680227,54,14,68,,,,,,#N/A,#N/A
ITE00100554,54,14,68,,,,,,45.4717,9.1892
17680228,102,44,146,,,,,,#N/A,#N/A
ITE00100554,102,44,146,,,,,,45.4717,9.1892
17680229,88,40,128,,,,,,#N/A,#N/A
ITE00100554,88,40,128,,,,,,45.4717,9.1892
17680301,115,75,190,,,,,,#N/A,#N/A
ITE00100554,115,75,190,,,,,,45.4717,9.1892
17680302,115,75,190,,,,,,#N/A,#N/A
ITE00100554,115,75,190,,,,,,45.4717,9.1892
17680303,120,60,180,,,,,,#N/A,#N/A
ITE00100554,120,60,180,,,,,,45.4717,9.1892
17680304,65,5,70,,,,,,#N/A,#N/A
ITE00100554,65,5,70,,,,,,45.4717,9.1892
17680305,30,-30,0,,,,,,#N/A,#N/A
ITE00100554,30,-30,0,,,,,,45.4717,9.1892
17680306,52,-10,42,,,,,,#N/A,#N/A
ITE00100554,52,-10,42,,,,,,45.4717,9.1892
17680307,55,-7,48,,,,,,#N/A,#N/A
ITE00100554,55,-7,48,,,,,,45.4717,9.1892
17680308,50,-12,38,,,,,,#N/A,#N/A
ITE00100554,50,-12,38,,,,,,45.4717,9.1892
17680309,62,0,62,,,,,,#N/A,#N/A
ITE00100554,62,0,62,,,,,,45.4717,9.1892
17680310,46,-6,40,,,,,,#N/A,#N/A
ITE00100554,46,-6,40,,,,,,45.4717,9.1892
17680311,44,-18,26,,,,,,#N/A,#N/A
ITE00100554,44,-18,26,,,,,,45.4717,9.1892
17680312,32,-32,0,,,,,,#N/A,#N/A
ITE00100554,32,-32,0,,,,,,45.4717,9.1892
17680313,75,11,86,,,,,,#N/A,#N/A
ITE00100554,75,11,86,,,,,,45.4717,9.1892
17680314,74,22,96,,,,,,#N/A,#N/A
ITE00100554,74,22,96,,,,,,45.4717,9.1892
17680315,94,42,136,,,,,,#N/A,#N/A
ITE00100554,94,42,136,,,,,,45.4717,9.1892
17680316,121,57,178,,,,,,#N/A,#N/A
ITE00100554,121,57,178,,,,,,45.4717,9.1892
17680317,120,56,176,,,,,,#N/A,#N/A
ITE00100554,120,56,176,,,,,,45.4717,9.1892
17680318,131,67,198,,,,,,#N/A,#N/A
ITE00100554,131,67,198,,,,,,45.4717,9.1892
17680319,126,60,186,,,,,,#N/A,#N/A
ITE00100554,126,60,186,,,,,,45.4717,9.1892
17680320,146,80,226,,,,,,#N/A,#N/A
ITE00100554,146,80,226,,,,,,45.4717,9.1892
17680321,143,89,232,,,,,,#N/A,#N/A
ITE00100554,143,89,232,,,,,,45.4717,9.1892
17680322,83,53,136,,,,,,#N/A,#N/A
ITE00100554,83,53,136,,,,,,45.4717,9.1892
17680323,71,5,76,,,,,,#N/A,#N/A
ITE00100554,71,5,76,,,,,,45.4717,9.1892
17680324,66,0,66,,,,,,#N/A,#N/A
ITE00100554,66,0,66,,,,,,45.4717,9.1892
17680325,94,28,122,,,,,,#N/A,#N/A
ITE00100554,94,28,122,,,,,,45.4717,9.1892
17680326,111,45,156,,,,,,#N/A,#N/A
ITE00100554,111,45,156,,,,,,45.4717,9.1892
17680327,132,66,198,,,,,,#N/A,#N/A
ITE00100554,132,66,198,,,,,,45.4717,9.1892
17680328,129,63,192,,,,,,#N/A,#N/A
ITE00100554,129,63,192,,,,,,45.4717,9.1892
17680329,146,80,226,,,,,,#N/A,#N/A
ITE00100554,146,80,226,,,,,,45.4717,9.1892
17680330,139,73,212,,,,,,#N/A,#N/A
ITE00100554,139,73,212,,,,,,45.4717,9.1892
17680331,140,72,212,,,,,,#N/A,#N/A
ITE00100554,140,72,212,,,,,,45.4717,9.1892
17680401,132,86,218,,,,,,#N/A,#N/A
ITE00100554,132,86,218,,,,,,45.4717,9.1892
17680402,136,90,226,,,,,,#N/A,#N/A
ITE00100554,136,90,226,,,,,,45.4717,9.1892
17680403,133,79,212,,,,,,#N/A,#N/A
ITE00100554,133,79,212,,,,,,45.4717,9.1892
17680404,122,66,188,,,,,,#N/A,#N/A
ITE00100554,122,66,188,,,,,,45.4717,9.1892
17680405,126,80,206,,,,,,#N/A,#N/A
ITE00100554,126,80,206,,,,,,45.4717,9.1892
17680406,129,97,226,,,,,,#N/A,#N/A
ITE00100554,129,97,226,,,,,,45.4717,9.1892
17680407,129,97,226,,,,,,#N/A,#N/A
ITE00100554,129,97,226,,,,,,45.4717,9.1892
17680408,129,97,226,,,,,,#N/A,#N/A
ITE00100554,129,97,226,,,,,,45.4717,9.1892
17680409,159,103,262,,,,,,#N/A,#N/A
ITE00100554,159,103,262,,,,,,45.4717,9.1892
17680410,126,94,220,,,,,,#N/A,#N/A
ITE00100554,126,94,220,,,,,,45.4717,9.1892
17680411,147,91,238,,,,,,#N/A,#N/A
ITE00100554,147,91,238,,,,,,45.4717,9.1892
17680412,122,54,176,,,,,,#N/A,#N/A
ITE00100554,122,54,176,,,,,,45.4717,9.1892
17680413,122,54,176,,,,,,#N/A,#N/A
ITE00100554,122,54,176,,,,,,45.4717,9.1892
17680414,140,72,212,,,,,,#N/A,#N/A
ITE00100554,140,72,212,,,,,,45.4717,9.1892
17680415,168,100,268,,,,,,#N/A,#N/A
ITE00100554,168,100,268,,,,,,45.4717,9.1892
17680416,169,113,282,,,,,,#N/A,#N/A
ITE00100554,169,113,282,,,,,,45.4717,9.1892
17680417,172,116,288,,,,,,#N/A,#N/A
ITE00100554,172,116,288,,,,,,45.4717,9.1892
17680418,182,114,296,,,,,,#N/A,#N/A
ITE00100554,182,114,296,,,,,,45.4717,9.1892
17680419,205,137,342,,,,,,#N/A,#N/A
ITE00100554,205,137,342,,,,,,45.4717,9.1892
17680420,200,132,332,,,,,,#N/A,#N/A
ITE00100554,200,132,332,,,,,,45.4717,9.1892
17680421,194,138,332,,,,,,#N/A,#N/A
ITE00100554,194,138,332,,,,,,45.4717,9.1892
17680422,205,137,342,,,,,,#N/A,#N/A
ITE00100554,205,137,342,,,,,,45.4717,9.1892
17680423,198,142,340,,,,,,#N/A,#N/A
ITE00100554,198,142,340,,,,,,45.4717,9.1892
17680424,207,151,358,,,,,,#N/A,#N/A
ITE00100554,207,151,358,,,,,,45.4717,9.1892
17680425,203,147,350,,,,,,#N/A,#N/A
ITE00100554,203,147,350,,,,,,45.4717,9.1892
17680426,193,147,340,,,,,,#N/A,#N/A
ITE00100554,193,147,340,,,,,,45.4717,9.1892
17680427,212,156,368,,,,,,#N/A,#N/A
ITE00100554,212,156,368,,,,,,45.4717,9.1892
17680428,192,136,328,,,,,,#N/A,#N/A
ITE00100554,192,136,328,,,,,,45.4717,9.1892
17680429,168,112,280,,,,,,#N/A,#N/A
ITE00100554,168,112,280,,,,,,45.4717,9.1892
17680430,157,125,282,,,,,,#N/A,#N/A
ITE00100554,157,125,282,,,,,,45.4717,9.1892
17680501,157,125,282,,,,,,#N/A,#N/A
ITE00100554,157,125,282,,,,,,45.4717,9.1892
17680502,169,137,306,,,,,,#N/A,#N/A
ITE00100554,169,137,306,,,,,,45.4717,9.1892
17680503,179,147,326,,,,,,#N/A,#N/A
ITE00100554,179,147,326,,,,,,45.4717,9.1892
17680504,212,144,356,,,,,,#N/A,#N/A
ITE00100554,212,144,356,,,,,,45.4717,9.1892
17680505,228,160,388,,,,,,#N/A,#N/A
ITE00100554,228,160,388,,,,,,45.4717,9.1892
17680506,207,151,358,,,,,,#N/A,#N/A
ITE00100554,207,151,358,,,,,,45.4717,9.1892
17680507,191,159,350,,,,,,#N/A,#N/A
ITE00100554,191,159,350,,,,,,45.4717,9.1892
17680508,211,155,366,,,,,,#N/A,#N/A
ITE00100554,211,155,366,,,,,,45.4717,9.1892
17680509,209,141,350,,,,,,#N/A,#N/A
ITE00100554,209,141,350,,,,,,45.4717,9.1892
17680510,219,151,370,,,,,,#N/A,#N/A
ITE00100554,219,151,370,,,,,,45.4717,9.1892
17680511,204,148,352,,,,,,#N/A,#N/A
ITE00100554,204,148,352,,,,,,45.4717,9.1892
17680512,194,148,342,,,,,,#N/A,#N/A
ITE00100554,194,148,342,,,,,,45.4717,9.1892
17680513,209,141,350,,,,,,#N/A,#N/A
ITE00100554,209,141,350,,,,,,45.4717,9.1892
17680514,193,147,340,,,,,,#N/A,#N/A
ITE00100554,193,147,340,,,,,,45.4717,9.1892
17680515,175,143,318,,,,,,#N/A,#N/A
ITE00100554,175,143,318,,,,,,45.4717,9.1892
17680516,167,121,288,,,,,,#N/A,#N/A
ITE00100554,167,121,288,,,,,,45.4717,9.1892
17680517,180,112,292,,,,,,#N/A,#N/A
ITE00100554,180,112,292,,,,,,45.4717,9.1892
17680518,154,122,276,,,,,,#N/A,#N/A
ITE00100554,154,122,276,,,,,,45.4717,9.1892
17680519,151,105,256,,,,,,#N/A,#N/A
ITE00100554,151,105,256,,,,,,45.4717,9.1892
17680520,180,110,290,,,,,,#N/A,#N/A
ITE00100554,180,110,290,,,,,,45.4717,9.1892
17680521,198,128,326,,,,,,#N/A,#N/A
ITE00100554,198,128,326,,,,,,45.4717,9.1892
17680522,210,140,350,,,,,,#N/A,#N/A
ITE00100554,210,140,350,,,,,,45.4717,9.1892
17680523,219,149,368,,,,,,#N/A,#N/A
ITE00100554,219,149,368,,,,,,45.4717,9.1892
17680524,229,159,388,,,,,,#N/A,#N/A
ITE00100554,229,159,388,,,,,,45.4717,9.1892
17680525,229,159,388,,,,,,#N/A,#N/A
ITE00100554,229,159,388,,,,,,45.4717,9.1892
17680526,233,163,396,,,,,,#N/A,#N/A
ITE00100554,233,163,396,,,,,,45.4717,9.1892
17680527,237,181,418,,,,,,#N/A,#N/A
ITE00100554,237,181,418,,,,,,45.4717,9.1892
17680528,193,123,316,,,,,,#N/A,#N/A
ITE00100554,193,123,316,,,,,,45.4717,9.1892
17680529,199,129,328,,,,,,#N/A,#N/A
ITE00100554,199,129,328,,,,,,45.4717,9.1892
17680530,204,134,338,,,,,,#N/A,#N/A
ITE00100554,204,134,338,,,,,,45.4717,9.1892
17680531,179,147,326,,,,,,#N/A,#N/A
ITE00100554,179,147,326,,,,,,45.4717,9.1892
17680601,194,124,318,,,,,,#N/A,#N/A
ITE00100554,194,124,318,,,,,,45.4717,9.1892
17680602,193,145,338,,,,,,#N/A,#N/A
ITE00100554,193,145,338,,,,,,45.4717,9.1892
17680603,200,142,342,,,,,,#N/A,#N/A
ITE00100554,200,142,342,,,,,,45.4717,9.1892
17680604,175,143,318,,,,,,#N/A,#N/A
ITE00100554,175,143,318,,,,,,45.4717,9.1892
17680605,162,114,276,,,,,,#N/A,#N/A
ITE00100554,162,114,276,,,,,,45.4717,9.1892
17680606,200,130,330,,,,,,#N/A,#N/A
ITE00100554,200,130,330,,,,,,45.4717,9.1892
17680607,275,205,480,,,,,,#N/A,#N/A
ITE00100554,275,205,480,,,,,,45.4717,9.1892
17680608,213,155,368,,,,,,#N/A,#N/A
ITE00100554,213,155,368,,,,,,45.4717,9.1892
17680609,191,159,350,,,,,,#N/A,#N/A
ITE00100554,191,159,350,,,,,,45.4717,9.1892
17680610,228,158,386,,,,,,#N/A,#N/A
ITE00100554,228,158,386,,,,,,45.4717,9.1892
17680611,236,164,400,,,,,,#N/A,#N/A
ITE00100554,236,164,400,,,,,,45.4717,9.1892
17680612,233,175,408,,,,,,#N/A,#N/A
ITE00100554,233,175,408,,,,,,45.4717,9.1892
17680613,219,187,406,,,,,,#N/A,#N/A
ITE00100554,219,187,406,,,,,,45.4717,9.1892
17680614,241,169,410,,,,,,#N/A,#N/A
ITE00100554,241,169,410,,,,,,45.4717,9.1892
17680615,219,147,366,,,,,,#N/A,#N/A
ITE00100554,219,147,366,,,,,,45.4717,9.1892
17680616,230,158,388,,,,,,#N/A,#N/A
ITE00100554,230,158,388,,,,,,45.4717,9.1892
17680617,235,177,412,,,,,,#N/A,#N/A
ITE00100554,235,177,412,,,,,,45.4717,9.1892
17680618,242,184,426,,,,,,#N/A,#N/A
ITE00100554,242,184,426,,,,,,45.4717,9.1892
17680619,243,195,438,,,,,,#N/A,#N/A
ITE00100554,243,195,438,,,,,,45.4717,9.1892
17680620,245,187,432,,,,,,#N/A,#N/A
ITE00100554,245,187,432,,,,,,45.4717,9.1892
17680621,257,185,442,,,,,,#N/A,#N/A
ITE00100554,257,185,442,,,,,,45.4717,9.1892
17680622,215,181,396,,,,,,#N/A,#N/A
ITE00100554,215,181,396,,,,,,45.4717,9.1892
17680623,224,164,388,,,,,,#N/A,#N/A
ITE00100554,224,164,388,,,,,,45.4717,9.1892
17680624,249,177,426,,,,,,#N/A,#N/A
ITE00100554,249,177,426,,,,,,45.4717,9.1892
17680625,244,184,428,,,,,,#N/A,#N/A
ITE00100554,244,184,428,,,,,,45.4717,9.1892
17680626,254,194,448,,,,,,#N/A,#N/A
ITE00100554,254,194,448,,,,,,45.4717,9.1892
17680627,253,193,446,,,,,,#N/A,#N/A
ITE00100554,253,193,446,,,,,,45.4717,9.1892
17680628,265,205,470,,,,,,#N/A,#N/A
ITE00100554,265,205,470,,,,,,45.4717,9.1892
17680629,275,201,476,,,,,,#N/A,#N/A
ITE00100554,275,201,476,,,,,,45.4717,9.1892
17680630,257,183,440,,,,,,#N/A,#N/A
ITE00100554,257,183,440,,,,,,45.4717,9.1892
17680701,281,207,488,,,,,,#N/A,#N/A
ITE00100554,281,207,488,,,,,,45.4717,9.1892
17680702,292,218,510,,,,,,#N/A,#N/A
ITE00100554,292,218,510,,,,,,45.4717,9.1892
17680703,263,203,466,,,,,,#N/A,#N/A
ITE00100554,263,203,466,,,,,,45.4717,9.1892
17680704,268,194,462,,,,,,#N/A,#N/A
ITE00100554,268,194,462,,,,,,45.4717,9.1892
17680705,268,194,462,,,,,,#N/A,#N/A
ITE00100554,268,194,462,,,,,,45.4717,9.1892
17680706,277,203,480,,,,,,#N/A,#N/A
ITE00100554,277,203,480,,,,,,45.4717,9.1892
17680707,274,214,488,,,,,,#N/A,#N/A
ITE00100554,274,214,488,,,,,,45.4717,9.1892
17680708,281,207,488,,,,,,#N/A,#N/A
ITE00100554,281,207,488,,,,,,45.4717,9.1892
17680709,291,217,508,,,,,,#N/A,#N/A
ITE00100554,291,217,508,,,,,,45.4717,9.1892
17680710,313,237,550,,,,,,#N/A,#N/A
ITE00100554,313,237,550,,,,,,45.4717,9.1892
17680711,294,244,538,,,,,,#N/A,#N/A
ITE00100554,294,244,538,,,,,,45.4717,9.1892
17680712,309,233,542,,,,,,#N/A,#N/A
ITE00100554,309,233,542,,,,,,45.4717,9.1892
17680713,298,222,520,,,,,,#N/A,#N/A
ITE00100554,298,222,520,,,,,,45.4717,9.1892
17680714,303,227,530,,,,,,#N/A,#N/A
ITE00100554,303,227,530,,,,,,45.4717,9.1892
17680715,276,242,518,,,,,,#N/A,#N/A
ITE00100554,276,242,518,,,,,,45.4717,9.1892
17680716,266,216,482,,,,,,#N/A,#N/A
ITE00100554,266,216,482,,,,,,45.4717,9.1892
17680717,224,188,412,,,,,,#N/A,#N/A
ITE00100554,224,188,412,,,,,,45.4717,9.1892
17680718,258,182,440,,,,,,#N/A,#N/A
ITE00100554,258,182,440,,,,,,45.4717,9.1892
17680719,249,213,462,,,,,,#N/A,#N/A
ITE00100554,249,213,462,,,,,,45.4717,9.1892
17680720,276,200,476,,,,,,#N/A,#N/A
ITE00100554,276,200,476,,,,,,45.4717,9.1892
17680721,276,200,476,,,,,,#N/A,#N/A
ITE00100554,276,200,476,,,,,,45.4717,9.1892
17680722,269,193,462,,,,,,#N/A,#N/A
ITE00100554,269,193,462,,,,,,45.4717,9.1892
17680723,278,202,480,,,,,,#N/A,#N/A
ITE00100554,278,202,480,,,,,,45.4717,9.1892
17680724,269,193,462,,,,,,#N/A,#N/A
ITE00100554,269,193,462,,,,,,45.4717,9.1892
17680725,288,212,500,,,,,,#N/A,#N/A
ITE00100554,288,212,500,,,,,,45.4717,9.1892
17680726,272,210,482,,,,,,#N/A,#N/A
ITE00100554,272,210,482,,,,,,45.4717,9.1892
17680727,282,206,488,,,,,,#N/A,#N/A
ITE00100554,282,206,488,,,,,,45.4717,9.1892
17680728,284,208,492,,,,,,#N/A,#N/A
ITE00100554,284,208,492,,,,,,45.4717,9.1892
17680729,287,225,512,,,,,,#N/A,#N/A
ITE00100554,287,225,512,,,,,,45.4717,9.1892
17680730,294,218,512,,,,,,#N/A,#N/A
ITE00100554,294,218,512,,,,,,45.4717,9.1892
17680731,268,232,500,,,,,,#N/A,#N/A
ITE00100554,268,232,500,,,,,,45.4717,9.1892
17680801,273,197,470,,,,,,#N/A,#N/A
ITE00100554,273,197,470,,,,,,45.4717,9.1892
17680802,281,219,500,,,,,,#N/A,#N/A
ITE00100554,281,219,500,,,,,,45.4717,9.1892
17680803,289,213,502,,,,,,#N/A,#N/A
ITE00100554,289,213,502,,,,,,45.4717,9.1892
17680804,276,214,490,,,,,,#N/A,#N/A
ITE00100554,276,214,490,,,,,,45.4717,9.1892
17680805,282,206,488,,,,,,#N/A,#N/A
ITE00100554,282,206,488,,,,,,45.4717,9.1892
17680806,267,191,458,,,,,,#N/A,#N/A
ITE00100554,267,191,458,,,,,,45.4717,9.1892
17680807,279,203,482,,,,,,#N/A,#N/A
ITE00100554,279,203,482,,,,,,45.4717,9.1892
17680808,284,222,506,,,,,,#N/A,#N/A
ITE00100554,284,222,506,,,,,,45.4717,9.1892
17680809,265,203,468,,,,,,#N/A,#N/A
ITE00100554,265,203,468,,,,,,45.4717,9.1892
17680810,270,208,478,,,,,,#N/A,#N/A
ITE00100554,270,208,478,,,,,,45.4717,9.1892
17680811,231,195,426,,,,,,#N/A,#N/A
ITE00100554,231,195,426,,,,,,45.4717,9.1892
17680812,262,200,462,,,,,,#N/A,#N/A
ITE00100554,262,200,462,,,,,,45.4717,9.1892
17680813,241,205,446,,,,,,#N/A,#N/A
ITE00100554,241,205,446,,,,,,45.4717,9.1892
17680814,243,207,450,,,,,,#N/A,#N/A
ITE00100554,243,207,450,,,,,,45.4717,9.1892
17680815,251,199,450,,,,,,#N/A,#N/A
ITE00100554,251,199,450,,,,,,45.4717,9.1892
17680816,266,214,480,,,,,,#N/A,#N/A
ITE00100554,266,214,480,,,,,,45.4717,9.1892
17680817,281,219,500,,,,,,#N/A,#N/A
ITE00100554,281,219,500,,,,,,45.4717,9.1892
17680818,281,219,500,,,,,,#N/A,#N/A
ITE00100554,281,219,500,,,,,,45.4717,9.1892
17680819,285,223,508,,,,,,#N/A,#N/A
ITE00100554,285,223,508,,,,,,45.4717,9.1892
17680820,291,215,506,,,,,,#N/A,#N/A
ITE00100554,291,215,506,,,,,,45.4717,9.1892
17680821,294,218,512,,,,,,#N/A,#N/A
ITE00100554,294,218,512,,,,,,45.4717,9.1892
17680822,263,213,476,,,,,,#N/A,#N/A
ITE00100554,263,213,476,,,,,,45.4717,9.1892
17680823,287,225,512,,,,,,#N/A,#N/A
ITE00100554,287,225,512,,,,,,45.4717,9.1892
17680824,299,239,538,,,,,,#N/A,#N/A
ITE00100554,299,239,538,,,,,,45.4717,9.1892
17680825,287,213,500,,,,,,#N/A,#N/A
ITE00100554,287,213,500,,,,,,45.4717,9.1892
17680826,262,188,450,,,,,,#N/A,#N/A
ITE00100554,262,188,450,,,,,,45.4717,9.1892
17680827,268,194,462,,,,,,#N/A,#N/A
ITE00100554,268,194,462,,,,,,45.4717,9.1892
17680828,268,194,462,,,,,,#N/A,#N/A
ITE00100554,268,194,462,,,,,,45.4717,9.1892
17680829,268,208,476,,,,,,#N/A,#N/A
ITE00100554,268,208,476,,,,,,45.4717,9.1892
17680830,263,213,476,,,,,,#N/A,#N/A
ITE00100554,263,213,476,,,,,,45.4717,9.1892
17680831,250,190,440,,,,,,#N/A,#N/A
ITE00100554,250,190,440,,,,,,45.4717,9.1892
17680901,275,216,491,,,,,,#N/A,#N/A
ITE00100554,275,216,491,,,,,,45.4717,9.1892
17680902,269,198,467,,,,,,#N/A,#N/A
ITE00100554,269,198,467,,,,,,45.4717,9.1892
17680903,275,210,485,,,,,,#N/A,#N/A
ITE00100554,275,210,485,,,,,,45.4717,9.1892
17680904,256,204,460,,,,,,#N/A,#N/A
ITE00100554,256,204,460,,,,,,45.4717,9.1892
17680905,213,198,411,,,,,,#N/A,#N/A
ITE00100554,213,198,411,,,,,,45.4717,9.1892
17680906,187,185,372,,,,,,#N/A,#N/A
ITE00100554,187,185,372,,,,,,45.4717,9.1892
17680907,179,150,329,,,,,,#N/A,#N/A
ITE00100554,179,150,329,,,,,,45.4717,9.1892
17680908,206,160,366,,,,,,#N/A,#N/A
ITE00100554,206,160,366,,,,,,45.4717,9.1892
17680909,213,179,392,,,,,,#N/A,#N/A
ITE00100554,213,179,392,,,,,,45.4717,9.1892
17680910,225,163,388,,,,,,#N/A,#N/A
ITE00100554,225,163,388,,,,,,45.4717,9.1892
17680911,237,185,422,,,,,,#N/A,#N/A
ITE00100554,237,185,422,,,,,,45.4717,9.1892
17680912,213,179,392,,,,,,#N/A,#N/A
ITE00100554,213,179,392,,,,,,45.4717,9.1892
17680913,172,172,344,,,,,,#N/A,#N/A
ITE00100554,172,172,344,,,,,,45.4717,9.1892
17680914,187,166,353,,,,,,#N/A,#N/A
ITE00100554,187,166,353,,,,,,45.4717,9.1892
17680915,200,135,335,,,,,,#N/A,#N/A
ITE00100554,200,135,335,,,,,,45.4717,9.1892
17680916,200,141,341,,,,,,#N/A,#N/A
ITE00100554,200,141,341,,,,,,45.4717,9.1892
17680917,213,154,367,,,,,,#N/A,#N/A
ITE00100554,213,154,367,,,,,,45.4717,9.1892
17680918,219,135,354,,,,,,#N/A,#N/A
ITE00100554,219,135,354,,,,,,45.4717,9.1892
17680919,206,104,310,,,,,,#N/A,#N/A
ITE00100554,206,104,310,,,,,,45.4717,9.1892
17680920,200,110,310,,,,,,#N/A,#N/A
ITE00100554,200,110,310,,,,,,45.4717,9.1892
17680921,194,122,316,,,,,,#N/A,#N/A
ITE00100554,194,122,316,,,,,,45.4717,9.1892
17680922,200,129,329,,,,,,#N/A,#N/A
ITE00100554,200,129,329,,,,,,45.4717,9.1892
17680923,194,135,329,,,,,,#N/A,#N/A
ITE00100554,194,135,329,,,,,,45.4717,9.1892
17680924,181,148,329,,,,,,#N/A,#N/A
ITE00100554,181,148,329,,,,,,45.4717,9.1892
17680925,187,141,328,,,,,,#N/A,#N/A
ITE00100554,187,141,328,,,,,,45.4717,9.1892
17680926,194,116,310,,,,,,#N/A,#N/A
ITE00100554,194,116,310,,,,,,45.4717,9.1892
17680927,169,129,298,,,,,,#N/A,#N/A
ITE00100554,169,129,298,,,,,,45.4717,9.1892
17680928,141,131,272,,,,,,#N/A,#N/A
ITE00100554,141,131,272,,,,,,45.4717,9.1892
17680929,156,148,304,,,,,,#N/A,#N/A
ITE00100554,156,148,304,,,,,,45.4717,9.1892
17680930,150,54,204,,,,,,#N/A,#N/A
ITE00100554,150,54,204,,,,,,45.4717,9.1892
17681001,175,72,247,,,,,,#N/A,#N/A
ITE00100554,175,72,247,,,,,,45.4717,9.1892
17681002,194,110,304,,,,,,#N/A,#N/A
ITE00100554,194,110,304,,,,,,45.4717,9.1892
17681003,175,122,297,,,,,,#N/A,#N/A
ITE00100554,175,122,297,,,,,,45.4717,9.1892
17681004,150,141,291,,,,,,#N/A,#N/A
ITE00100554,150,141,291,,,,,,45.4717,9.1892
17681005,163,135,298,,,,,,#N/A,#N/A
ITE00100554,163,135,298,,,,,,45.4717,9.1892
17681006,181,148,329,,,,,,#N/A,#N/A
ITE00100554,181,148,329,,,,,,45.4717,9.1892
17681007,181,166,347,,,,,,#N/A,#N/A
ITE00100554,181,166,347,,,,,,45.4717,9.1892
17681008,187,172,359,,,,,,#N/A,#N/A
ITE00100554,187,172,359,,,,,,45.4717,9.1892
17681009,179,175,354,,,,,,#N/A,#N/A
ITE00100554,179,175,354,,,,,,45.4717,9.1892
17681010,172,169,341,,,,,,#N/A,#N/A
ITE00100554,172,169,341,,,,,,45.4717,9.1892
17681011,172,156,328,,,,,,#N/A,#N/A
ITE00100554,172,156,328,,,,,,45.4717,9.1892
17681012,160,144,304,,,,,,#N/A,#N/A
ITE00100554,160,144,304,,,,,,45.4717,9.1892
17681013,131,122,253,,,,,,#N/A,#N/A
ITE00100554,131,122,253,,,,,,45.4717,9.1892
17681014,125,110,235,,,,,,#N/A,#N/A
ITE00100554,125,110,235,,,,,,45.4717,9.1892
17681015,113,104,217,,,,,,#N/A,#N/A
ITE00100554,113,104,217,,,,,,45.4717,9.1892
17681016,119,85,204,,,,,,#N/A,#N/A
ITE00100554,119,85,204,,,,,,45.4717,9.1892
17681017,131,85,216,,,,,,#N/A,#N/A
ITE00100554,131,85,216,,,,,,45.4717,9.1892
17681018,137,91,228,,,,,,#N/A,#N/A
ITE00100554,137,91,228,,,,,,45.4717,9.1892
17681019,131,104,235,,,,,,#N/A,#N/A
ITE00100554,131,104,235,,,,,,45.4717,9.1892
17681020,125,85,210,,,,,,#N/A,#N/A
ITE00100554,125,85,210,,,,,,45.4717,9.1892
17681021,119,98,217,,,,,,#N/A,#N/A
ITE00100554,119,98,217,,,,,,45.4717,9.1892
17681022,113,85,198,,,,,,#N/A,#N/A
ITE00100554,113,85,198,,,,,,45.4717,9.1892
17681023,119,79,198,,,,,,#N/A,#N/A
ITE00100554,119,79,198,,,,,,45.4717,9.1892
17681024,113,35,148,,,,,,#N/A,#N/A
ITE00100554,113,35,148,,,,,,45.4717,9.1892
17681025,125,79,204,,,,,,#N/A,#N/A
ITE00100554,125,79,204,,,,,,45.4717,9.1892
17681026,131,85,216,,,,,,#N/A,#N/A
ITE00100554,131,85,216,,,,,,45.4717,9.1892
17681027,137,98,235,,,,,,#N/A,#N/A
ITE00100554,137,98,235,,,,,,45.4717,9.1892
17681028,131,85,216,,,,,,#N/A,#N/A
ITE00100554,131,85,216,,,,,,45.4717,9.1892
17681029,113,91,204,,,,,,#N/A,#N/A
ITE00100554,113,91,204,,,,,,45.4717,9.1892
17681030,119,66,185,,,,,,#N/A,#N/A
ITE00100554,119,66,185,,,,,,45.4717,9.1892
17681031,125,48,173,,,,,,#N/A,#N/A
ITE00100554,125,48,173,,,,,,45.4717,9.1892
17681101,103,59,162,,,,,,#N/A,#N/A
ITE00100554,103,59,162,,,,,,45.4717,9.1892
17681102,105,63,168,,,,,,#N/A,#N/A
ITE00100554,105,63,168,,,,,,45.4717,9.1892
17681103,111,77,188,,,,,,#N/A,#N/A
ITE00100554,111,77,188,,,,,,45.4717,9.1892
17681104,120,92,212,,,,,,#N/A,#N/A
ITE00100554,120,92,212,,,,,,45.4717,9.1892
17681105,116,96,212,,,,,,#N/A,#N/A
ITE00100554,116,96,212,,,,,,45.4717,9.1892
17681106,110,92,202,,,,,,#N/A,#N/A
ITE00100554,110,92,202,,,,,,45.4717,9.1892
17681107,97,65,162,,,,,,#N/A,#N/A
ITE00100554,97,65,162,,,,,,45.4717,9.1892
17681108,75,43,118,,,,,,#N/A,#N/A
ITE00100554,75,43,118,,,,,,45.4717,9.1892
17681109,87,55,142,,,,,,#N/A,#N/A
ITE00100554,87,55,142,,,,,,45.4717,9.1892
17681110,101,69,170,,,,,,#N/A,#N/A
ITE00100554,101,69,170,,,,,,45.4717,9.1892
17681111,107,81,188,,,,,,#N/A,#N/A
ITE00100554,107,81,188,,,,,,45.4717,9.1892
17681112,105,87,192,,,,,,#N/A,#N/A
ITE00100554,105,87,192,,,,,,45.4717,9.1892
17681113,107,89,196,,,,,,#N/A,#N/A
ITE00100554,107,89,196,,,,,,45.4717,9.1892
17681114,101,77,178,,,,,,#N/A,#N/A
ITE00100554,101,77,178,,,,,,45.4717,9.1892
17681115,120,96,216,,,,,,#N/A,#N/A
ITE00100554,120,96,216,,,,,,45.4717,9.1892
17681116,108,84,192,,,,,,#N/A,#N/A
ITE00100554,108,84,192,,,,,,45.4717,9.1892
17681117,117,93,210,,,,,,#N/A,#N/A
ITE00100554,117,93,210,,,,,,45.4717,9.1892
17681118,118,94,212,,,,,,#N/A,#N/A
ITE00100554,118,94,212,,,,,,45.4717,9.1892
17681119,121,105,226,,,,,,#N/A,#N/A
ITE00100554,121,105,226,,,,,,45.4717,9.1892
17681120,105,71,176,,,,,,#N/A,#N/A
ITE00100554,105,71,176,,,,,,45.4717,9.1892
17681121,95,67,162,,,,,,#N/A,#N/A
ITE00100554,95,67,162,,,,,,45.4717,9.1892
17681122,95,67,162,,,,,,#N/A,#N/A
ITE00100554,95,67,162,,,,,,45.4717,9.1892
17681123,98,64,162,,,,,,#N/A,#N/A
ITE00100554,98,64,162,,,,,,45.4717,9.1892
17681124,73,47,120,,,,,,#N/A,#N/A
ITE00100554,73,47,120,,,,,,45.4717,9.1892
17681125,66,34,100,,,,,,#N/A,#N/A
ITE00100554,66,34,100,,,,,,45.4717,9.1892
17681126,60,28,88,,,,,,#N/A,#N/A
ITE00100554,60,28,88,,,,,,45.4717,9.1892
17681127,66,34,100,,,,,,#N/A,#N/A
ITE00100554,66,34,100,,,,,,45.4717,9.1892
17681128,57,25,82,,,,,,#N/A,#N/A
ITE00100554,57,25,82,,,,,,45.4717,9.1892
17681129,56,24,80,,,,,,#N/A,#N/A
ITE00100554,56,24,80,,,,,,45.4717,9.1892
17681130,45,23,68,,,,,,#N/A,#N/A
ITE00100554,45,23,68,,,,,,45.4717,9.1892
17681201,66,52,118,,,,,,#N/A,#N/A
ITE00100554,66,52,118,,,,,,45.4717,9.1892
17681202,73,53,126,,,,,,#N/A,#N/A
ITE00100554,73,53,126,,,,,,45.4717,9.1892
17681203,63,49,112,,,,,,#N/A,#N/A
ITE00100554,63,49,112,,,,,,45.4717,9.1892
17681204,72,58,130,,,,,,#N/A,#N/A
ITE00100554,72,58,130,,,,,,45.4717,9.1892
17681205,75,51,126,,,,,,#N/A,#N/A
ITE00100554,75,51,126,,,,,,45.4717,9.1892
17681206,56,32,88,,,,,,#N/A,#N/A
ITE00100554,56,32,88,,,,,,45.4717,9.1892
17681207,37,13,50,,,,,,#N/A,#N/A
ITE00100554,37,13,50,,,,,,45.4717,9.1892
17681208,35,15,50,,,,,,#N/A,#N/A
ITE00100554,35,15,50,,,,,,45.4717,9.1892
17681209,29,9,38,,,,,,#N/A,#N/A
ITE00100554,29,9,38,,,,,,45.4717,9.1892
17681210,29,9,38,,,,,,#N/A,#N/A
ITE00100554,29,9,38,,,,,,45.4717,9.1892
17681211,21,-3,18,,,,,,#N/A,#N/A
ITE00100554,21,-3,18,,,,,,45.4717,9.1892
17681212,9,-21,-12,,,,,,#N/A,#N/A
ITE00100554,9,-21,-12,,,,,,45.4717,9.1892
17681213,-5,-33,-38,,,,,,#N/A,#N/A
ITE00100554,-5,-33,-38,,,,,,45.4717,9.1892
17681214,-14,-42,-56,,,,,,#N/A,#N/A
ITE00100554,-14,-42,-56,,,,,,45.4717,9.1892
17681215,10,-10,0,,,,,,#N/A,#N/A
ITE00100554,10,-10,0,,,,,,45.4717,9.1892
17681216,13,-1,12,,,,,,#N/A,#N/A
ITE00100554,13,-1,12,,,,,,45.4717,9.1892
17681217,30,10,40,,,,,,#N/A,#N/A
ITE00100554,30,10,40,,,,,,45.4717,9.1892
17681218,40,20,60,,,,,,#N/A,#N/A
ITE00100554,40,20,60,,,,,,45.4717,9.1892
17681219,61,37,98,,,,,,#N/A,#N/A
ITE00100554,61,37,98,,,,,,45.4717,9.1892
17681220,7,-13,-6,,,,,,#N/A,#N/A
ITE00100554,7,-13,-6,,,,,,45.4717,9.1892
17681221,11,-17,-6,,,,,,#N/A,#N/A
ITE00100554,11,-17,-6,,,,,,45.4717,9.1892
17681222,-14,-42,-56,,,,,,#N/A,#N/A
ITE00100554,-14,-42,-56,,,,,,45.4717,9.1892
17681223,-13,-37,-50,,,,,,#N/A,#N/A
ITE00100554,-13,-37,-50,,,,,,45.4717,9.1892
17681224,-14,-42,-56,,,,,,#N/A,#N/A
ITE00100554,-14,-42,-56,,,,,,45.4717,9.1892
17681225,-5,-33,-38,,,,,,#N/A,#N/A
ITE00100554,-5,-33,-38,,,,,,45.4717,9.1892
17681226,1,-27,-26,,,,,,#N/A,#N/A
ITE00100554,1,-27,-26,,,,,,45.4717,9.1892
17681227,35,11,46,,,,,,#N/A,#N/A
ITE00100554,35,11,46,,,,,,45.4717,9.1892
17681228,33,9,42,,,,,,#N/A,#N/A
ITE00100554,33,9,42,,,,,,45.4717,9.1892
17681229,11,-3,8,,,,,,#N/A,#N/A
ITE00100554,11,-3,8,,,,,,45.4717,9.1892
17681230,31,11,42,,,,,,#N/A,#N/A
ITE00100554,31,11,42,,,,,,45.4717,9.1892
17681231,41,21,62,,,,,,#N/A,#N/A
ITE00100554,41,21,62,,,,,,45.4717,9.1892
Grand Total,53414,36243,89657,,,,,,#N/A,#N/A
